subjects,condition,tr,,
a,A,3.801388576,,
b,B,3.665990966,,
c,A,3.522979189,,
d,B,7.47265849,,
e,A,3.881874919,,
f,B,3.911588654,,
g,A,0.903103878,,
h,B,1.906815443,,
i,A,1.778337587,,
j,B,0.882611342,,
k,A,1.055897603,,
l,B,5.172445286,,
m,A,3.154570221,,
n,B,1.881822607,,
o,A,3.538998215,,
p,B,0.978896297,,
q,A,5.382428157,,
r,B,4.767683086,,
s,A,0.74943307,,
t,B,0.631512379,,
u,A,4.446731819,,
v,B,3.286828888,,
w,A,1.939014378,,
x,B,0.124394856,,
y,A,8.459383895,,
z,B,3.79639615,,
